{
  "project_info": {
    "project_number": "433019401422",
    "project_id": "my-application-34a55",
    "storage_bucket": "my-application-34a55.firebasestorage.app"
  },
  "client": [
    {
      "client_info": {
        "mobilesdk_app_id": "1:433019401422:android:4def21d65d8f16653dcc9f",
        "android_client_info": {
          "package_name": "com.zybooks.myapplication"
        }
      },
      "oauth_client": [],
      "api_key": [
        {
          "current_key": "AIzaSyBbbPCxIJxYwYKOhworJ9aUF6E4iAY9SqU"
        }
      ],
      "services": {
        "appinvite_service": {
          "other_platform_oauth_client": []
        }
      }
    }
  ],
  "configuration_version": "1"
}